Date,Open Price,High Price,Low Price,Close Price,WAP,No.of Shares,No. of Trades,Total Turnover (Rs.),Deliverable Quantity,% Deli. Qty to Traded Qty,Spread High-Low,Spread Close-Open
7-May-2021,1346.80,1359.20,1338.55,1342.90,1348.328447200410948851,54508,2489,73494687.00,24644,45.21,20.65,-3.90
6-May-2021,1341.15,1356.20,1336.25,1339.85,1341.101070669518232029,150093,4367,201289883.00,117146,78.05,19.95,-1.30
5-May-2021,1335.00,1346.00,1324.20,1338.20,1335.707972167782498322,76027,4906,101549870.00,24334,32.01,21.80,3.20
4-May-2021,1345.00,1348.80,1331.50,1337.65,1339.224024873936180814,50173,2506,67192887.00,15768,31.43,17.30,-7.35
3-May-2021,1336.00,1351.30,1320.65,1342.15,1330.456703954662455088,412197,3958,548410262.00,369303,89.59,30.65,6.15
30-April-2021,1355.80,1364.85,1337.10,1340.20,1353.828235219353062045,94414,4038,127820339.00,48458,51.32,27.75,-15.60
29-April-2021,1382.00,1389.90,1354.00,1358.50,1368.627699021458308233,74703,3574,102240595.00,22304,29.86,35.90,-23.50
28-April-2021,1380.35,1399.50,1370.50,1375.05,1381.895537645559868440,134996,4273,186550370.00,65104,48.23,29.00,-5.30
27-April-2021,1338.00,1388.55,1337.00,1380.35,1370.063391109868604976,114464,5120,156822936.00,34173,29.85,51.55,42.35
26-April-2021,1322.90,1341.95,1322.90,1335.85,1334.449927730745405740,53273,2439,71090151.00,14980,28.12,19.05,12.95
23-April-2021,1337.00,1344.25,1314.80,1322.90,1330.032640492686682063,64950,2836,86385620.00,21492,33.09,29.45,-14.10
22-April-2021,1313.80,1340.00,1307.95,1336.20,1327.154579568310768214,166555,3838,221044231.00,112792,67.72,32.05,22.40
20-April-2021,1318.20,1339.45,1318.20,1331.50,1328.785971064216248943,158558,7617,210689646.00,61162,38.57,21.25,13.30
19-April-2021,1336.30,1346.00,1306.40,1310.80,1330.721549032334878576,260369,17151,346478639.00,120568,46.31,39.60,-25.50
16-April-2021,1373.40,1392.35,1356.00,1359.70,1375.769305447973147430,96825,9463,133208863.00,38494,39.76,36.35,-13.70
15-April-2021,1372.70,1390.50,1358.10,1374.65,1363.963031788057688828,243236,10220,331764912.00,184090,75.68,32.40,1.95
13-April-2021,1345.10,1381.00,1345.10,1373.50,1369.759620558167824642,85494,3231,117106229.00,31187,36.48,35.90,28.40
12-April-2021,1394.50,1394.50,1332.20,1345.10,1351.149186078342744733,157079,8648,212237163.00,62624,39.87,62.30,-49.40
9-April-2021,1419.10,1419.10,1397.10,1404.00,1406.655453814699612064,57226,2939,80497265.00,17859,31.21,22.00,-15.10
8-April-2021,1407.10,1434.10,1407.10,1419.10,1408.207613161022262565,427444,3057,601929895.00,362582,84.83,27.00,12.00
7-April-2021,1409.00,1417.00,1389.65,1403.90,1407.656390821501970322,53037,2325,74657872.00,22760,42.91,27.35,-5.10
6-April-2021,1403.55,1416.55,1394.00,1400.85,1403.302121420219380463,53879,2752,75608515.00,14435,26.79,22.55,-2.70
5-April-2021,1444.00,1444.00,1382.00,1403.55,1402.503726055885741082,98093,5084,137575798.00,32951,33.59,62.00,-40.45
1-April-2021,1430.50,1447.80,1420.55,1444.55,1434.513666854742649363,63804,2868,91527710.00,20825,32.64,27.25,14.05
31-March-2021,1425.00,1431.00,1410.50,1418.35,1420.774619497262104945,92772,4130,131808103.00,28913,31.17,20.50,-6.65
30-March-2021,1401.00,1427.45,1396.30,1423.15,1410.198579597860173399,140946,5150,198761849.00,60865,43.18,31.15,22.15
26-March-2021,1378.00,1408.00,1378.00,1397.55,1399.149313489152080494,286230,8398,400478508.00,97595,34.10,30.00,19.55
25-March-2021,1368.70,1388.85,1361.10,1371.45,1374.642260375245833393,139322,5896,191517909.00,37129,26.65,27.75,2.75
24-March-2021,1401.70,1406.95,1360.50,1368.55,1376.590123354435252245,168863,13449,232455138.00,80325,47.57,46.45,-33.15
23-March-2021,1407.00,1416.00,1397.70,1404.75,1406.800151881744167564,113246,4145,159314490.00,50916,44.96,18.30,-2.25
22-March-2021,1395.00,1417.60,1392.00,1399.85,1401.274805194805194805,128975,7939,180729418.00,41402,32.10,25.60,4.85
19-March-2021,1416.00,1421.65,1378.65,1411.25,1398.652414946661914524,283381,17056,396351520.00,72334,25.53,43.00,-4.75
18-March-2021,1452.35,1469.00,1420.00,1428.45,1442.097429278383054993,177421,10614,255858368.00,63711,35.91,49.00,-23.90
17-March-2021,1484.00,1493.85,1431.65,1438.25,1464.011253513271746392,181099,6760,265130974.00,48802,26.95,62.20,-45.75
16-March-2021,1487.00,1497.20,1457.00,1461.00,1470.607866183247672550,150594,9176,221464721.00,52455,34.83,40.20,-26.00
15-March-2021,1515.00,1527.30,1464.00,1484.15,1491.388770567922104642,179831,10983,268197934.00,61635,34.27,63.30,-30.85
12-March-2021,1530.00,1565.00,1503.55,1514.35,1547.073180289181240203,227124,8540,351377449.00,93544,41.19,61.45,-15.65
10-March-2021,1525.00,1534.35,1508.25,1524.10,1523.295629682673706486,93563,3642,142524109.00,40056,42.81,26.10,-0.90
9-March-2021,1525.00,1531.90,1492.00,1508.25,1512.412194682924156929,127777,5441,193251493.00,58887,46.09,39.90,-16.75
8-March-2021,1470.00,1525.00,1470.00,1513.85,1510.138884950454495329,317385,16060,479295430.00,178349,56.19,55.00,43.85
5-March-2021,1459.00,1477.25,1439.60,1463.60,1462.405686090882406384,143086,6105,209249780.00,39789,27.81,37.65,4.60
4-March-2021,1475.00,1488.95,1458.25,1462.10,1475.248384262618060316,300482,6513,443285585.00,217223,72.29,30.70,-12.90
3-March-2021,1490.00,1509.80,1481.80,1496.70,1493.125256140415944219,107851,4000,161035052.00,43993,40.79,28.00,6.70
2-March-2021,1483.80,1489.55,1465.00,1485.60,1478.532641627209475815,131366,8084,194228919.00,51670,39.33,24.55,1.80
1-March-2021,1450.00,1486.20,1439.60,1472.85,1467.939979016034486691,175372,7558,257435570.00,66238,37.77,46.60,22.85
26-February-2021,1480.00,1493.00,1436.95,1442.25,1460.944295890941000076,289458,22669,422882014.00,132819,45.89,56.05,-37.75
25-February-2021,1531.30,1540.90,1502.90,1506.60,1525.239491091173003672,307953,4997,469702077.00,232355,75.45,38.00,-24.70
24-February-2021,1485.90,1531.35,1452.25,1524.90,1498.916075869808566211,704839,29405,1056494508.00,375661,53.30,79.10,39.00
23-February-2021,1452.00,1498.10,1452.00,1486.35,1482.987194551552624974,175316,9030,259991383.00,62142,35.45,46.10,34.35
22-February-2021,1509.20,1510.00,1448.00,1452.25,1464.929685021401178873,179663,12654,263193662.00,75221,41.87,62.00,-56.95
19-February-2021,1520.50,1547.30,1499.00,1507.80,1524.161675962636919561,148810,9198,226810499.00,44899,30.17,48.30,-12.70
18-February-2021,1549.00,1550.80,1515.20,1525.45,1531.352138143025042943,99549,4973,152444574.00,33662,33.81,35.60,-23.55
17-February-2021,1548.00,1567.30,1533.75,1548.30,1553.367537838598618539,92366,4060,143478346.00,28710,31.08,33.55,0.30
16-February-2021,1536.00,1573.65,1536.00,1548.75,1558.478797010368549394,201764,11025,314444916.00,99271,49.20,37.65,12.75
15-February-2021,1524.00,1544.00,1521.85,1537.90,1534.381651301956978812,74196,3269,113844981.00,30065,40.52,22.15,13.90
12-February-2021,1531.15,1544.00,1516.10,1521.15,1529.766186318480578187,113043,6727,172929359.00,32460,28.71,27.90,-10.00
11-February-2021,1550.00,1559.45,1527.45,1530.65,1538.382326862217864892,138719,7479,213402858.00,36538,26.34,32.00,-19.35
10-February-2021,1562.00,1562.45,1528.80,1552.90,1548.022378475270029289,108229,5031,167540914.00,33589,31.04,33.65,-9.10
9-February-2021,1551.00,1574.00,1544.25,1566.25,1561.195557262925104735,192629,10904,300731539.00,87483,45.42,29.75,15.25
8-February-2021,1520.00,1569.90,1518.80,1552.10,1552.318343149277189588,231596,10299,359510719.00,79967,34.53,51.10,32.10
5-February-2021,1543.90,1547.00,1511.65,1516.45,1528.135244371697679761,139296,6308,212863127.00,37785,27.13,35.35,-27.45
4-February-2021,1523.35,1549.40,1509.80,1529.45,1532.979812591072017358,376076,9817,576516916.00,265369,70.56,39.60,6.10
3-February-2021,1535.00,1557.50,1504.80,1528.75,1537.908595379888480066,263630,12045,405438843.00,74610,28.30,52.70,-6.25
2-February-2021,1466.00,1593.00,1466.00,1519.35,1536.206747010535015186,938964,50496,1442442832.00,337260,35.92,127.00,53.35
1-February-2021,1360.00,1461.00,1337.75,1449.45,1407.323339176691047572,711349,30589,1001098050.00,314807,44.25,123.25,89.45
29-January-2021,1365.00,1368.75,1325.00,1334.60,1340.550920795915731368,147101,8319,197196381.00,51266,34.85,43.75,-30.40
28-January-2021,1349.75,1365.35,1340.10,1345.00,1350.429158825610187477,353375,10776,477207904.00,272643,77.15,25.25,-4.75
27-January-2021,1373.00,1392.80,1331.10,1359.75,1362.281266498398073348,414813,24493,565091979.00,122638,29.56,61.70,-13.25
25-January-2021,1365.50,1395.75,1341.65,1361.45,1376.358100123127563868,323242,17681,444896745.00,132397,40.96,54.10,-4.05
22-January-2021,1363.00,1373.15,1348.50,1363.15,1358.877566630811521453,292845,18992,397940501.00,144730,49.42,24.65,0.15
21-January-2021,1387.85,1395.00,1361.00,1370.00,1384.128786125923494562,185843,8650,257230646.00,109835,59.10,34.00,-17.85
20-January-2021,1372.90,1392.90,1365.00,1381.95,1383.795668969278313033,220040,8821,304490399.00,112484,51.12,27.90,9.05
19-January-2021,1336.00,1381.85,1336.00,1369.75,1369.513546558213329162,313253,9575,429004227.00,207956,66.39,45.85,33.75
18-January-2021,1347.60,1353.70,1326.80,1334.70,1339.261968375297108244,339102,15567,454146412.00,218789,64.52,26.90,-12.90
15-January-2021,1378.00,1384.80,1345.00,1354.60,1361.019405288857123981,166501,6490,226611092.00,67296,40.42,39.80,-23.40
14-January-2021,1354.30,1389.55,1354.30,1376.40,1366.687056597078478916,422725,9940,577732786.00,295748,69.96,35.25,22.10
13-January-2021,1351.20,1372.75,1344.30,1352.00,1356.139839141666897443,252769,10548,342790111.00,142812,56.50,28.45,0.80
12-January-2021,1351.00,1366.60,1344.50,1349.75,1352.587992527173913043,117760,5728,159280762.00,38611,32.79,22.10,-1.25
11-January-2021,1377.10,1384.80,1344.75,1349.65,1356.425730021319206667,123832,5815,167968911.00,36628,29.58,40.05,-27.45
8-January-2021,1350.00,1382.75,1347.50,1373.20,1369.393510830917602469,426372,14867,583871050.00,254681,59.73,35.25,23.20
7-January-2021,1324.00,1346.95,1324.00,1338.85,1339.840392055713180294,193850,10770,259728060.00,64248,33.14,22.95,14.85
6-January-2021,1309.80,1329.95,1301.95,1313.65,1321.014060329649216193,317489,10396,419407433.00,184905,58.24,28.00,3.85
5-January-2021,1313.70,1313.70,1296.80,1305.95,1303.736873020737562570,156624,6639,204196484.00,72683,46.41,16.90,-7.75
4-January-2021,1303.10,1322.60,1302.35,1314.15,1313.307792731714423389,178474,7869,234391295.00,61450,34.43,20.25,11.05
1-January-2021,1281.00,1299.65,1281.00,1296.75,1295.185835095137420718,66220,3371,85767206.00,19471,29.40,18.65,15.75
31-December-2020,1292.05,1304.00,1282.00,1287.55,1295.411540840112268683,147147,6097,190615922.00,53578,36.41,22.00,-4.50
30-December-2020,1284.70,1296.00,1271.50,1291.60,1282.064326566146330846,82703,3297,106030566.00,30227,36.55,24.50,6.90
29-December-2020,1297.80,1297.80,1267.85,1284.65,1281.739128159897149178,133786,5881,171478751.00,29091,21.74,29.95,-13.15
28-December-2020,1270.25,1291.00,1267.00,1289.10,1280.513512940028150484,141383,6457,181042842.00,44355,31.37,24.00,18.85
24-December-2020,1278.00,1280.65,1254.00,1261.85,1264.517351097552255881,167828,6226,212221418.00,70214,41.84,26.65,-16.15
23-December-2020,1270.00,1271.00,1249.00,1264.40,1261.049480979149936051,168105,6056,211988723.00,71059,42.27,22.00,-5.60
22-December-2020,1232.00,1268.00,1214.00,1262.35,1241.032284010224368077,440125,15251,546209334.00,98844,22.46,54.00,30.35
21-December-2020,1278.00,1338.40,1154.85,1234.75,1270.640851582836017263,1447939,61059,1839810444.00,268037,18.51,183.55,-43.25
18-December-2020,1287.00,1301.00,1270.45,1283.15,1287.019539983074610652,237513,9842,305683872.00,56431,23.76,30.55,-3.85
17-December-2020,1267.60,1283.70,1254.05,1277.80,1270.847780260550613432,189752,7170,241145908.00,54829,28.90,29.65,10.20
16-December-2020,1256.00,1277.60,1247.05,1267.60,1261.137055660311474264,372294,14965,469513759.00,222598,59.79,30.55,11.60
15-December-2020,1252.90,1252.90,1216.35,1246.30,1233.074332058528620992,338091,10858,416891334.00,149022,44.08,36.55,-6.60
14-December-2020,1197.00,1263.60,1197.00,1249.35,1232.932655427173268403,671086,28962,827403844.00,246317,36.70,66.60,52.35
11-December-2020,1191.00,1216.55,1182.00,1194.35,1200.122896522376415518,211495,8493,253819992.00,48539,22.95,34.55,3.35
10-December-2020,1180.00,1193.50,1170.00,1190.30,1179.243424218708225377,411434,21828,485180839.00,246534,59.92,23.50,10.30
9-December-2020,1180.00,1185.00,1167.30,1181.10,1174.505939581410432309,200435,9789,235412098.00,136168,67.94,17.70,1.10
8-December-2020,1175.00,1182.45,1148.65,1171.20,1165.204501258789825505,230380,11160,268439813.00,109303,47.44,33.80,-3.80
7-December-2020,1151.00,1171.90,1144.70,1169.60,1162.672522863995247658,225573,9726,262267529.00,58758,26.05,27.20,18.60
4-December-2020,1127.00,1161.90,1127.00,1149.25,1148.433532337461036638,234836,11029,269693537.00,62609,26.66,34.90,22.25
3-December-2020,1127.00,1135.25,1121.00,1125.05,1122.875677095636449534,491068,16326,551408313.00,357469,72.79,14.25,-1.95
2-December-2020,1116.10,1132.00,1104.20,1113.90,1116.166349361193278368,127112,5972,141878137.00,40734,32.05,27.80,-2.20
1-December-2020,1132.00,1135.00,1111.95,1115.70,1119.522630339295944999,109963,4983,123106067.00,47858,43.52,23.05,-16.30
27-November-2020,1131.00,1139.35,1092.35,1115.80,1126.888516614442741326,221163,12200,249226045.00,84742,38.32,47.00,-15.20
26-November-2020,1129.90,1134.95,1102.25,1119.45,1117.986380512541881735,220860,9818,246918472.00,69432,31.44,32.70,-10.45
25-November-2020,1142.80,1146.00,1112.60,1115.70,1126.578766172836243012,151334,8614,170489671.00,38508,25.45,33.40,-27.10
24-November-2020,1137.70,1144.00,1129.00,1135.35,1135.888327100663970083,157236,6795,178602537.00,41109,26.14,15.00,-2.35
23-November-2020,1138.00,1148.10,1123.20,1125.70,1132.665185185185185185,143775,7109,162848937.00,45887,31.92,24.90,-12.30
20-November-2020,1140.00,1160.00,1118.80,1132.15,1136.923483681503301534,333027,19132,378626217.00,90634,27.22,41.20,-7.85
19-November-2020,1128.85,1176.75,1108.10,1134.95,1145.964095461325378222,384826,20639,440996779.00,80052,20.80,68.65,6.10
18-November-2020,1081.00,1154.00,1079.35,1147.75,1127.921455872953228290,932444,42799,1051723594.00,498284,53.44,74.65,66.75
17-November-2020,1061.00,1096.70,1061.00,1081.25,1083.718744231266229371,325028,13258,352238936.00,112502,34.61,35.70,20.25
14-November-2020,1065.00,1068.60,1054.25,1059.10,1061.732772835166428092,55189,4824,58595970.00,29504,53.46,14.35,-5.90
13-November-2020,1067.50,1067.50,1038.60,1051.40,1053.009034656500853185,570802,20517,601059663.00,388550,68.07,28.90,-16.10
12-November-2020,1057.30,1075.40,1052.25,1073.30,1066.278778536207096021,319813,18468,341009815.00,136971,42.83,23.15,16.00
11-November-2020,1038.00,1062.95,1021.40,1059.45,1043.940510356327891872,455760,19912,475786327.00,146159,32.07,41.55,21.45
10-November-2020,971.10,1036.20,965.85,1033.00,1010.285716746922566695,580435,24613,586405190.00,270048,46.53,70.35,61.90
9-November-2020,970.00,974.35,962.60,965.50,968.599968740897562500,140759,6048,136339163.00,76258,54.18,11.75,-4.50
6-November-2020,960.70,967.25,950.60,959.30,961.804353511917317021,118525,5206,113997861.00,61836,52.17,16.65,-1.40
5-November-2020,947.50,959.40,942.50,957.90,952.574769566623544631,98944,5090,94251558.00,47773,48.28,16.90,10.40
4-November-2020,937.00,950.15,931.10,939.35,942.708220635435825309,221832,10573,209122850.00,63928,28.82,19.05,2.35
3-November-2020,947.00,952.70,933.00,947.75,944.364952253739106981,155719,7116,147055566.00,39420,25.31,19.70,0.75
2-November-2020,930.50,937.65,920.50,929.20,929.361183836688741018,188303,10295,175001499.00,80366,42.68,17.15,-1.30
30-October-2020,941.15,947.15,924.15,929.60,934.158277083529886013,233186,11248,217832632.00,56472,24.22,23.00,-11.55
29-October-2020,953.00,958.95,927.00,934.60,940.005057173416213731,526381,29196,494800802.00,164876,31.32,31.95,-18.40
28-October-2020,985.00,994.85,974.15,983.65,981.797144093150094825,547847,23073,537874620.00,341198,62.28,20.70,-1.35
27-October-2020,961.00,986.40,955.70,982.45,972.992894342639377216,257682,13225,250722755.00,96832,37.58,30.70,21.45
26-October-2020,950.00,959.25,943.15,951.65,950.337917941792863969,228082,8471,216754973.00,92063,40.36,16.10,1.65
23-October-2020,940.00,948.50,927.65,941.20,940.274273474931713360,133994,5828,125991111.00,45857,34.22,20.85,1.20
22-October-2020,923.00,938.95,921.05,936.25,933.419312291034017361,326010,13719,304304030.00,166398,51.04,17.90,13.25
21-October-2020,925.90,931.00,909.00,924.65,922.732403172918226830,275078,12416,253823384.00,99061,36.01,22.00,-1.25
20-October-2020,915.15,935.60,912.75,917.30,925.254094292803970223,666965,31631,617112097.00,252616,37.88,22.85,2.15
19-October-2020,900.00,905.35,884.25,903.00,894.800524425072892099,200982,10270,179838799.00,54362,27.05,21.10,3.00
16-October-2020,890.25,903.00,889.50,894.20,895.021233062790776649,117788,6382,105422761.00,31791,26.99,13.50,3.95
15-October-2020,918.00,918.95,887.00,888.95,903.432895757837561096,125007,6119,112935436.00,47300,37.84,31.95,-29.05
14-October-2020,896.50,916.85,887.45,915.00,905.239463051685690945,226465,11929,205005055.00,109603,48.40,29.40,18.50
13-October-2020,906.55,915.50,889.35,896.50,901.957576812747682767,120618,5288,108792319.00,36656,30.39,26.15,-10.05
12-October-2020,915.00,925.80,902.35,905.50,916.439752074225095670,183442,7328,168113541.00,42668,23.26,23.45,-9.50
9-October-2020,887.80,914.70,887.00,908.35,905.834065137544343850,286962,10532,259939955.00,55905,19.48,27.70,20.55
8-October-2020,890.00,894.00,880.00,881.00,884.383249014822075880,152003,6084,134428907.00,74194,48.81,14.00,-9.00
7-October-2020,893.10,895.00,876.25,887.70,883.150615736475078224,213809,15151,188825550.00,94303,44.11,18.75,-5.40
6-October-2020,901.00,904.65,888.70,892.70,895.995542488619119878,73808,3992,66131639.00,33270,45.08,15.95,-8.30
5-October-2020,908.00,908.50,895.05,896.85,900.623388922033769898,105597,8023,95103128.00,41522,39.32,13.45,-11.15
1-October-2020,905.10,913.30,901.25,902.95,907.322374157327265380,141069,8039,127995060.00,57797,40.97,12.05,-2.15
30-September-2020,897.40,905.00,884.30,902.45,895.258595342516523565,80945,4035,72466707.00,26047,32.18,20.70,5.05
29-September-2020,907.05,912.80,892.20,895.15,899.811654838823570949,169938,9814,152912193.00,60217,35.43,20.60,-11.90
28-September-2020,899.95,917.00,893.00,902.90,907.618883807163914187,227613,13419,206585857.00,94229,41.40,24.00,2.95
25-September-2020,864.00,895.00,852.00,889.30,874.100721393640057419,164404,7629,143705655.00,42228,25.69,43.00,25.30
24-September-2020,857.80,859.50,842.50,850.35,850.749604753014120657,517398,21796,440176144.00,145073,28.04,17.00,-7.45
23-September-2020,869.80,873.85,855.00,860.75,862.684805179789571048,216225,13593,186534022.00,73914,34.18,18.85,-9.05
22-September-2020,886.90,888.00,852.00,857.05,864.140667276156970756,432055,31309,373356296.00,196374,45.45,36.00,-29.85
21-September-2020,900.20,904.30,874.55,881.90,887.900414605323772708,199708,11510,177320816.00,98429,49.29,29.75,-18.30
18-September-2020,910.00,914.00,896.60,900.20,904.740457870837537840,158560,8935,143455647.00,82009,51.72,17.40,-9.80
17-September-2020,918.80,918.80,905.00,906.30,910.915032679738562091,233784,15195,212957360.00,108079,46.23,13.80,-12.50
16-September-2020,912.20,923.50,912.20,921.95,918.211905688273286125,128510,5793,117999412.00,42298,32.91,11.30,9.75
15-September-2020,908.30,914.70,900.00,909.55,905.828754825872794850,277929,15809,251756080.00,107177,38.56,14.70,1.25
14-September-2020,924.00,924.00,901.00,902.30,909.819625454292923447,302393,22420,275123086.00,175383,58.00,23.00,-21.70
11-September-2020,923.80,923.80,912.20,917.65,916.003127309944845624,87935,3893,80548735.00,33902,38.55,11.60,-6.15
10-September-2020,918.00,923.00,912.25,920.65,917.583195029707001968,162083,8945,148724637.00,57552,35.51,10.75,2.65
9-September-2020,913.70,927.80,901.60,909.55,913.145081253077768097,158394,8268,144636702.00,58185,36.73,26.20,-4.15
8-September-2020,933.00,940.00,911.90,916.25,923.792181182384438859,219624,14049,202886934.00,111284,50.67,28.10,-16.75
7-September-2020,945.20,950.25,916.10,932.20,931.747733876269856418,235755,14109,219664187.00,75723,32.12,34.15,-13.00
4-September-2020,945.00,956.05,940.10,942.90,947.922301294692617679,116630,6641,110556178.00,56547,48.48,15.95,-2.10
3-September-2020,958.50,970.85,954.10,961.05,960.934865172806684390,163246,8823,156868773.00,50181,30.74,16.75,2.55
2-September-2020,959.35,959.85,948.00,955.75,953.176744503968762549,117039,7636,111558853.00,39289,33.57,11.85,-3.60
1-September-2020,955.25,965.95,944.10,955.30,955.939521274255291063,227270,13861,217256375.00,68118,29.97,21.85,0.05
31-August-2020,986.00,995.00,941.20,945.30,962.513829476785981195,280994,13975,270460611.00,118417,42.14,53.80,-40.70
28-August-2020,989.00,1004.40,978.60,981.80,991.938071762660346141,237533,10045,235618026.00,64450,27.13,25.80,-7.20
27-August-2020,973.15,979.85,965.60,975.45,973.192005443717143493,166063,7324,161611184.00,49060,29.54,14.25,2.30
26-August-2020,984.00,987.00,965.20,968.95,971.145120377861844263,182924,12697,177645750.00,94337,51.57,21.80,-15.05
25-August-2020,992.50,999.00,978.10,980.60,988.513599958394008737,153824,9532,152057116.00,69591,45.24,20.90,-11.90
24-August-2020,996.00,1000.00,990.25,991.85,995.622103992593721069,85333,3635,84959421.00,36932,43.28,9.75,-4.15
21-August-2020,1003.00,1008.00,991.75,994.05,998.716702535791148123,160305,8715,160099281.00,62600,39.05,16.25,-8.95
20-August-2020,995.95,1004.80,982.30,995.85,996.530143674524248822,150131,6661,149610067.00,44072,29.36,22.50,-0.10
19-August-2020,1016.05,1024.95,1005.20,1009.00,1015.041647450305029335,171295,7690,173871559.00,45421,26.52,19.75,-7.05
18-August-2020,1001.25,1008.00,995.20,1004.10,1001.448106213314929585,146347,5618,146558926.00,36217,24.75,12.80,2.85
17-August-2020,1002.30,1007.00,988.10,1000.70,999.505109120726630503,190248,7385,190153848.00,44249,23.26,18.90,-1.60
14-August-2020,997.00,1017.40,974.20,982.15,999.461826893031975835,537656,20326,537366648.00,104406,19.42,43.20,-14.85
13-August-2020,953.35,993.40,951.75,990.55,977.601020619228556937,352923,12774,345017885.00,128753,36.48,41.65,37.20
12-August-2020,960.60,960.60,945.00,949.65,950.530826954259210377,106076,4954,100828508.00,44948,42.37,15.60,-10.95
11-August-2020,967.25,979.35,957.85,961.65,966.627565217957992010,153447,7596,148326100.00,49571,32.30,21.50,-5.60
10-August-2020,926.00,970.00,925.00,959.70,956.459768369296524454,737467,38973,705357516.00,393193,53.32,45.00,33.70
7-August-2020,922.50,926.50,914.10,915.70,918.253957405356146842,127293,6301,116887301.00,41688,32.75,12.40,-6.80
6-August-2020,927.15,933.00,920.60,921.95,927.503834765302655210,123606,7437,114645039.00,57651,46.64,12.40,-5.20
5-August-2020,923.85,934.30,921.10,926.00,928.758633169114385112,85658,4430,79555607.00,27212,31.77,13.20,2.15
4-August-2020,917.00,930.20,916.35,923.80,924.658871823255384899,130086,5350,120285174.00,33400,25.68,13.85,6.80
3-August-2020,913.00,919.70,903.40,915.80,910.249387289292997324,106902,5154,97307480.00,29118,27.24,16.30,2.80
31-July-2020,911.10,922.60,907.00,913.35,913.609797604874290916,142790,8905,130454343.00,51941,36.38,15.60,2.25
30-July-2020,927.10,931.90,904.30,908.70,916.791392215973977473,184763,10627,169389128.00,72660,39.33,27.60,-18.40
29-July-2020,918.00,940.20,918.00,922.35,930.246910618419504069,220918,11043,205508287.00,66139,29.94,22.20,4.35
28-July-2020,907.10,917.00,899.50,913.00,909.461340621713127528,130253,6253,118460068.00,46094,35.39,17.50,5.90
27-July-2020,905.15,914.70,896.50,903.55,905.270692148893342889,232999,12681,210927166.00,74795,32.10,18.20,-1.60
24-July-2020,916.00,916.00,898.30,904.55,904.294966335363898685,255758,11401,231280672.00,103310,40.39,17.70,-11.45
23-July-2020,910.25,937.80,910.25,916.35,923.360105919332259172,454308,21935,419489883.00,126466,27.84,27.55,6.10
22-July-2020,940.00,940.00,910.20,920.95,923.052360780321073395,220012,9821,203082596.00,71568,32.53,29.80,-19.05
21-July-2020,928.60,942.00,921.00,937.80,933.551171579743008314,171990,7670,160561466.00,46947,27.30,21.00,9.20
20-July-2020,932.90,932.90,915.60,919.35,922.546017156374700320,125551,6081,115826575.00,45569,36.30,17.30,-13.55
17-July-2020,924.00,930.00,918.75,925.50,925.341361241260527506,68511,3908,63396062.00,23371,34.11,11.25,1.50
16-July-2020,915.00,923.75,898.00,921.15,912.096470588235294117,119850,6117,109314762.00,32660,27.25,25.75,6.15
15-July-2020,915.55,925.00,909.20,911.95,916.335033310581517193,208042,11483,190636173.00,68681,33.01,15.80,-3.60
14-July-2020,926.10,934.50,906.50,913.00,917.051486657344531060,238858,14956,219045084.00,94221,39.45,28.00,-13.10
13-July-2020,937.20,944.40,925.25,928.60,935.368776934778162051,425333,10640,397843208.00,268791,63.20,19.15,-8.60
10-July-2020,941.00,952.00,930.95,932.20,938.442107991317631637,401273,8829,376571480.00,254807,63.50,21.05,-8.80
9-July-2020,945.00,952.50,940.20,944.75,944.731584175931848182,146966,5688,138843422.00,42701,29.06,12.30,-0.25
8-July-2020,946.70,963.80,937.55,941.05,949.033425972713491662,197900,9173,187813715.00,53470,27.02,26.25,-5.65
7-July-2020,955.00,961.80,940.00,943.40,947.771801170877180117,163638,7369,155091482.00,55659,34.01,21.80,-11.60
6-July-2020,950.00,959.20,946.30,951.05,952.889827053861522006,247765,11737,236092748.00,97182,39.22,12.90,1.05
3-July-2020,945.00,955.00,942.00,944.50,948.500198179737804467,133717,6644,126830601.00,39733,29.71,13.00,-0.50
2-July-2020,937.00,950.70,925.75,940.65,939.210557594461589790,383648,13615,360326252.00,101140,26.36,24.95,3.65
1-July-2020,945.00,945.00,917.85,924.25,923.855869628742685682,280614,17596,259246891.00,103951,37.04,27.15,-20.75
30-June-2020,945.00,952.00,931.45,944.05,943.418933934708306569,213289,10340,201220881.00,50728,23.78,20.55,-0.95
29-June-2020,953.70,955.50,930.15,937.00,938.772836374156342492,314553,15482,295293812.00,81968,26.06,25.35,-16.70
26-June-2020,953.55,976.00,940.75,962.50,957.885650051716916133,350949,17041,336169011.00,91845,26.17,35.25,8.95
25-June-2020,950.00,964.30,935.05,943.15,949.590693852580692563,333457,16764,316647664.00,61158,18.34,29.25,-6.85
24-June-2020,980.00,989.80,952.55,955.65,969.107884766234277562,660362,31411,639962021.00,174720,26.46,37.25,-24.35
23-June-2020,912.75,970.20,908.60,967.85,949.360660460492125539,531084,22860,504190257.00,157925,29.74,61.60,55.10
22-June-2020,909.00,915.80,896.10,907.25,906.926999735009085402,211328,10429,191659069.00,52123,24.66,19.70,-1.75
19-June-2020,904.20,915.45,895.30,897.65,903.064470907134580367,193312,9686,174573199.00,56416,29.18,20.15,-6.55
18-June-2020,878.00,900.00,874.40,896.60,887.300868571205252462,204704,10450,181634037.00,53066,25.92,25.60,18.60
17-June-2020,892.00,899.15,881.15,884.55,888.905364136516225289,171584,9444,152521938.00,52289,30.47,18.00,-7.45
16-June-2020,919.10,923.90,891.00,894.90,901.248493084495983571,165570,9525,149219713.00,52132,31.49,32.90,-24.20
15-June-2020,923.90,923.90,894.70,899.65,902.329604333905128900,283901,15619,256172277.00,103412,36.43,29.20,-24.25
12-June-2020,897.90,930.00,891.50,925.90,905.905058702620306512,376559,21520,341126703.00,126960,33.72,38.50,28.00
11-June-2020,948.00,952.00,928.00,930.10,938.121293286387588520,125819,7858,118033483.00,54892,43.63,24.00,-17.90
10-June-2020,953.00,958.45,936.15,946.75,943.657358387540952471,168488,9304,158994941.00,48736,28.93,22.30,-6.25
9-June-2020,968.00,970.15,950.00,953.00,961.718864021518216303,165813,8429,159465490.00,53836,32.47,20.15,-15.00
8-June-2020,976.00,995.00,949.20,961.25,967.057037614710397630,407766,19477,394332980.00,118842,29.14,45.80,-14.75
5-June-2020,937.50,964.90,937.50,955.30,951.479484438348427698,247885,10882,235857492.00,65471,26.41,27.40,17.80
4-June-2020,962.00,968.00,929.05,931.00,940.576936596302559328,210524,11359,198014019.00,91462,43.44,38.95,-31.00
3-June-2020,955.00,972.50,955.00,961.20,963.677677508084970674,200681,9994,193391800.00,68720,34.24,17.50,6.20
2-June-2020,930.00,952.50,913.35,945.40,935.248124574168016973,283269,12896,264926801.00,52826,18.65,39.15,15.40
1-June-2020,940.00,973.85,924.05,928.15,949.717705689830842866,370011,19321,351405998.00,117425,31.74,49.80,-11.85
29-May-2020,897.50,937.00,893.00,932.30,920.071588423143654605,318152,15476,292722616.00,104294,32.78,44.00,34.80
28-May-2020,858.00,911.15,855.10,903.05,892.103027280619124138,433128,21550,386394800.00,162469,37.51,56.05,45.05
27-May-2020,833.90,856.80,827.00,850.55,848.222583096443881183,792212,11349,671972109.00,115400,14.57,29.80,16.65
26-May-2020,820.00,843.00,820.00,825.80,833.722617418801769017,176143,10532,146854403.00,48871,27.74,23.00,5.80
22-May-2020,817.00,826.20,810.10,815.95,817.738117779512045341,156326,7482,127833729.00,45827,29.32,16.10,-1.05
21-May-2020,837.00,845.00,818.25,820.40,825.558460590067485724,184928,10883,152668875.00,70032,37.87,26.75,-16.60
20-May-2020,798.00,840.00,798.00,835.05,823.770346600373743267,236526,16716,194843105.00,58874,24.89,42.00,37.05
19-May-2020,828.00,833.60,791.55,796.45,814.174964450493779379,229961,16587,187228489.00,104101,45.27,42.05,-31.55
18-May-2020,871.90,871.90,810.35,813.45,826.883460184957852524,293256,19010,242488536.00,131070,44.69,61.55,-58.45
15-May-2020,881.60,885.00,854.35,864.20,868.392345320441777811,209336,11015,181785780.00,47172,22.53,30.65,-17.40
14-May-2020,861.20,879.70,842.00,871.80,859.307462474212136302,295197,19928,253664985.00,118555,40.16,37.70,10.60
13-May-2020,862.80,871.80,851.00,863.50,861.880832119986084088,310436,15944,267558838.00,101811,32.80,20.80,0.70
12-May-2020,818.80,820.00,804.25,814.80,810.190495449949443882,148350,8726,120191760.00,52801,35.59,15.75,-4.00
11-May-2020,822.00,827.00,816.60,821.50,821.962144080125889490,101041,5901,83051877.00,30821,30.50,10.40,-0.50
8-May-2020,832.00,834.95,810.00,816.05,820.006171439972430304,220532,12187,180837601.00,95362,43.24,24.95,-15.95
7-May-2020,835.00,836.00,820.25,822.70,826.982417759947226354,148559,7285,122855681.00,62614,42.15,15.75,-12.30
6-May-2020,839.00,848.00,818.10,837.65,833.690874609549308344,188244,9396,156937305.00,56782,30.16,29.90,-1.35
5-May-2020,861.00,870.00,835.10,837.15,849.122266354434856110,231879,15617,196893622.00,100102,43.17,34.90,-23.85
4-May-2020,884.00,884.00,845.10,850.75,854.656085514007034699,240522,16015,205563591.00,137544,57.19,38.90,-33.25
30-April-2020,887.05,916.20,884.25,897.35,902.732905169277113531,236358,13104,213368144.00,80154,33.91,31.95,10.30
29-April-2020,865.70,882.50,854.45,876.65,870.073591342683705738,192577,9761,167556162.00,62936,32.68,28.05,10.95
28-April-2020,865.00,867.50,852.75,857.00,859.196668284004528546,136026,6569,116873086.00,45900,33.74,14.75,-8.00
27-April-2020,861.00,874.70,852.70,855.55,863.034237718065727466,160846,7775,138815605.00,46270,28.77,22.00,-5.45
24-April-2020,842.00,868.90,835.30,850.60,853.884499836011807149,304900,15452,260349384.00,83785,27.48,33.60,8.60
23-April-2020,862.00,869.30,835.40,840.65,851.218812289636932140,259373,14360,220783177.00,129082,49.77,33.90,-21.35
22-April-2020,871.00,885.10,850.15,852.65,865.997137177883016297,252548,14959,218705845.00,109451,43.34,34.95,-18.35
21-April-2020,903.90,906.30,863.50,870.65,883.948112464609911913,260313,18207,230103185.00,135113,51.90,42.80,-33.25
20-April-2020,945.00,945.00,910.60,916.05,930.063033064291981623,183491,12176,170658196.00,79871,43.53,34.40,-28.95
17-April-2020,926.45,940.00,916.20,933.15,929.209993689044449716,223421,13608,207605026.00,53271,23.84,23.80,6.70
16-April-2020,878.75,919.55,871.70,912.00,908.067324556046801338,204695,12874,185876841.00,46306,22.62,47.85,33.25
15-April-2020,880.30,926.70,867.85,879.90,903.945614153526778368,474002,19515,428472029.00,129524,27.33,58.85,-0.40
13-April-2020,815.00,872.00,809.00,865.70,846.554182672310440165,408710,22812,345995160.00,97419,23.84,63.00,50.70
9-April-2020,831.00,834.90,805.45,812.35,817.360507571188733679,245404,16415,200583538.00,112607,45.89,29.45,-18.65
8-April-2020,805.00,832.00,798.25,807.65,813.434128266843404687,258009,12723,209873326.00,84130,32.61,33.75,2.65
7-April-2020,814.95,814.95,791.00,801.65,804.175914930368131274,203786,12064,163879793.00,52965,25.99,23.95,-13.30
3-April-2020,786.30,790.00,763.00,774.85,773.038592657917944532,227919,15913,176190183.00,75558,33.15,27.00,-11.45
1-April-2020,809.20,811.75,767.00,774.75,781.342890168295421236,180813,13650,141276952.00,87897,48.61,44.75,-34.45
31-March-2020,819.00,821.55,791.10,806.85,806.266948842250179410,341395,17486,275255505.00,180461,52.86,30.45,-12.15
30-March-2020,819.00,819.00,791.25,799.70,802.932278945531986572,166226,9659,133468221.00,70122,42.18,27.75,-19.30
27-March-2020,863.00,890.00,812.30,836.90,845.136218352100836345,421118,19080,355902074.00,124052,29.46,77.70,-26.10
26-March-2020,782.20,843.20,754.50,839.90,824.033572880329006601,7658205,19493,6310618028.00,7350233,95.98,88.70,57.70
25-March-2020,707.90,773.00,661.05,766.55,705.310042442023707308,491494,26137,346655654.00,111060,22.60,111.95,58.65
24-March-2020,723.00,754.85,671.60,708.30,709.097152763596390227,460306,26711,326401674.00,200697,43.60,83.25,-14.70
23-March-2020,835.00,835.00,706.05,723.70,748.797152816181522631,477384,29009,357463780.00,293781,61.54,128.95,-111.30
20-March-2020,852.00,878.30,832.00,864.75,852.947857884519886235,465171,31720,396766608.00,190547,40.96,46.30,12.75
19-March-2020,876.70,884.60,837.50,843.25,859.934215368028781362,426665,28516,366903832.00,190582,44.67,47.10,-33.45
18-March-2020,969.00,975.00,900.00,904.05,930.765010061303757779,299166,17951,278453245.00,139845,46.74,75.00,-64.95
17-March-2020,967.25,1005.00,940.25,955.20,974.076822995795742706,362014,18605,352629447.00,142114,39.26,64.75,-12.05
16-March-2020,1017.00,1042.00,962.85,968.70,992.789475805259948039,372209,31599,369525178.00,210288,56.50,79.15,-48.30
13-March-2020,964.40,1060.45,890.10,1052.85,993.919732540979704533,504152,27173,501086621.00,147795,29.32,170.35,88.45
12-March-2020,1077.00,1077.00,1005.00,1013.15,1033.025290551998374056,644549,39162,665835418.00,382962,59.42,72.00,-63.85
11-March-2020,1099.00,1120.45,1086.65,1116.85,1109.470442258841920145,153530,11081,170336997.00,66300,43.18,33.80,17.85
9-March-2020,1143.00,1143.00,1068.00,1102.00,1093.963819446203377714,355329,20369,388717070.00,149241,42.00,75.00,-41.00
6-March-2020,1155.00,1164.00,1131.00,1158.95,1147.417305486163973796,186542,11003,214041519.00,107972,57.88,33.00,3.95
5-March-2020,1181.10,1187.95,1166.85,1182.75,1179.470093393289519197,72275,4764,85246201.00,35587,49.24,21.10,1.65
4-March-2020,1189.90,1189.90,1158.15,1177.70,1176.560096189661697264,335587,8826,394838273.00,228210,68.00,31.75,-12.20
3-March-2020,1190.00,1190.00,1162.55,1181.80,1177.202484988627270607,158713,8335,186837338.00,77494,48.83,27.45,-8.20
2-March-2020,1201.15,1211.50,1150.55,1167.00,1176.723447119515719485,310729,13322,365642100.00,207770,66.87,60.95,-34.15
28-February-2020,1192.30,1195.95,1162.35,1183.00,1178.849501456678488469,281119,12892,331396993.00,155609,55.35,33.60,-9.30
27-February-2020,1216.95,1216.95,1200.00,1209.85,1207.049165734800776881,135928,8357,164071779.00,54259,39.92,16.95,-7.10
26-February-2020,1237.00,1239.00,1207.15,1211.45,1221.136387653184707947,293355,11483,358226465.00,202977,69.19,31.85,-25.55
25-February-2020,1263.80,1264.90,1241.00,1242.40,1249.329999052611633929,253328,10046,316490270.00,194974,76.96,23.90,-21.40
24-February-2020,1275.65,1275.65,1253.00,1259.55,1262.915968185425086272,270945,10652,342180767.00,204240,75.38,22.65,-16.10
20-February-2020,1282.00,1288.80,1275.60,1280.85,1284.818272297253911517,186884,10446,240111978.00,126384,67.63,13.20,-1.15
19-February-2020,1290.10,1298.60,1276.65,1281.40,1282.608628274345130973,80016,4032,102629212.00,37523,46.89,21.95,-8.70
18-February-2020,1281.00,1289.65,1266.65,1286.25,1276.266518629013119978,117988,5171,150584134.00,70082,59.40,23.00,5.25
17-February-2020,1296.00,1296.95,1277.70,1280.50,1285.481104635087758103,90419,4744,116231916.00,55794,61.71,19.25,-15.50
14-February-2020,1296.00,1305.00,1291.00,1294.90,1297.621591815664742597,85236,4284,110604074.00,50527,59.28,14.00,-1.10
13-February-2020,1296.85,1299.50,1285.30,1292.15,1290.075083283505594943,58535,5158,75514545.00,26474,45.23,14.20,-4.70
12-February-2020,1289.90,1299.75,1280.50,1296.85,1291.475382206974652766,150115,5995,193869827.00,54822,36.52,19.25,6.95
11-February-2020,1289.00,1299.00,1283.75,1286.95,1291.588928596454347978,71355,3957,92161328.00,27564,38.63,15.25,-2.05
10-February-2020,1300.00,1301.30,1273.45,1285.35,1285.067730200674288037,142669,8248,183339328.00,69402,48.65,27.85,-14.65
7-February-2020,1315.75,1315.80,1296.00,1298.85,1302.261256315887967063,80155,4636,104382751.00,43328,54.06,19.80,-16.90
6-February-2020,1320.00,1325.00,1309.50,1317.35,1317.362715817618113035,70314,4211,92629042.00,30375,43.20,15.50,-2.65
5-February-2020,1299.85,1325.00,1296.00,1311.85,1313.676741335290489315,128077,5553,168251776.00,48566,37.92,29.00,12.00
4-February-2020,1296.40,1307.00,1287.65,1291.60,1297.119043917740169204,289473,11893,375480941.00,188515,65.12,19.35,-4.80
3-February-2020,1299.55,1303.95,1272.50,1286.70,1286.837395691109561974,242429,15459,311966703.00,143273,59.10,31.45,-12.85
1-February-2020,1374.00,1383.85,1280.10,1287.25,1326.239251836231968169,620292,31955,822655598.00,228780,36.88,103.75,-86.75
31-January-2020,1375.10,1376.25,1360.00,1369.10,1370.113503249273484260,155881,6590,213574663.00,39934,25.62,16.25,-6.00
30-January-2020,1365.55,1376.35,1353.10,1371.25,1363.955903541366497307,79122,4135,107918919.00,25018,31.62,23.25,5.70
29-January-2020,1353.00,1374.90,1352.00,1365.45,1366.564398497971208922,152061,9952,207801149.00,44414,29.21,22.90,12.45
28-January-2020,1350.10,1355.40,1338.35,1347.00,1345.490248005982053838,64192,4973,86369710.00,23276,36.26,17.05,-3.10
27-January-2020,1350.00,1364.85,1343.00,1348.50,1355.518164411209149481,77294,4140,104773421.00,26157,33.84,21.85,-1.50
24-January-2020,1333.00,1368.00,1331.55,1359.80,1354.635849304135827438,182938,9604,247814373.00,83262,45.51,36.45,26.80
23-January-2020,1302.00,1339.50,1302.00,1332.80,1330.539483136721113127,740544,24285,985323031.00,548136,74.02,37.50,30.80
22-January-2020,1310.00,1310.65,1292.40,1294.25,1299.815002763402502135,99515,4929,129351090.00,44012,44.23,18.25,-15.75
21-January-2020,1307.45,1313.60,1301.00,1302.60,1306.439270652054622705,63783,3701,83328616.00,32432,50.85,12.60,-4.85
20-January-2020,1311.05,1319.45,1306.00,1309.60,1312.567405657099172979,71945,5767,94432662.00,32174,44.72,13.45,-1.45
17-January-2020,1325.00,1325.75,1302.00,1304.55,1311.554764173581598514,143771,9412,188563540.00,90778,63.14,23.75,-20.45
16-January-2020,1325.05,1332.40,1317.15,1319.05,1323.704619700633063250,54181,4249,71719640.00,28479,52.56,15.25,-6.00
15-January-2020,1326.70,1336.00,1319.80,1323.65,1327.027177747169684550,59534,3054,79003236.00,18569,31.19,16.20,-3.05
14-January-2020,1332.50,1332.50,1315.80,1326.00,1323.621564837381292545,59495,3633,78748865.00,22396,37.64,16.70,-6.50
13-January-2020,1332.00,1339.90,1329.65,1334.35,1335.247821635763849391,43955,3666,58690818.00,20338,46.27,10.25,2.35
10-January-2020,1317.00,1335.20,1317.00,1324.05,1327.557888807377908195,76336,5350,101340459.00,30710,40.23,18.20,7.05
9-January-2020,1311.80,1319.90,1307.00,1315.90,1311.717328955025355391,144348,6284,189343773.00,85172,59.00,12.90,4.10
8-January-2020,1308.00,1308.00,1283.60,1291.35,1293.622482450145989936,160970,9382,208234411.00,65387,40.62,24.40,-16.65
7-January-2020,1326.00,1339.00,1313.75,1320.25,1325.379739100069839369,80184,4468,106274249.00,23468,29.27,25.25,-5.75
6-January-2020,1335.00,1335.00,1314.00,1316.30,1320.731012890187331804,95499,4805,126128491.00,39002,40.84,21.00,-18.70
3-January-2020,1344.80,1344.80,1330.35,1335.15,1336.212029652531356497,56926,3061,76065206.00,22475,39.48,14.45,-9.65
2-January-2020,1310.30,1347.70,1310.30,1345.00,1334.162140543399219937,151270,6449,201818707.00,61674,40.77,37.40,34.70
1-January-2020,1310.00,1318.45,1303.35,1310.10,1309.952725674470312964,154714,6663,202668026.00,73934,47.79,15.10,0.10
